﻿<parameters>
  <parameter name="IIS Web Application Name" defaultValue="Modular Eshop/Meshop.Core_deploy" tags="IisApp">
    <parameterEntry kind="ProviderPath" scope="IisApp" match="^C:\\Dokumenty\\diplomka\\Meshop\\Meshop\.Core\\obj\\Release\\Package\\PackageTmp$" />
    <parameterEntry kind="ProviderPath" scope="setAcl" match="^C:\\Dokumenty\\diplomka\\Meshop\\Meshop\.Core\\obj\\Release\\Package\\PackageTmp$" />
  </parameter>
  <parameter name="Add write permission to App_Data Folder" description="Add write permission to App_Data folder" defaultValue="{IIS Web Application Name}/App_Data" tags="Hidden">
    <parameterEntry kind="ProviderPath" scope="setAcl" match="^C:\\Dokumenty\\diplomka\\Meshop\\Meshop\.Core\\obj\\Release\\Package\\PackageTmp\\App_Data$" />
  </parameter>
  <parameter name="DatabaseConnection2-Deployment Connection String" defaultValue="" tags="SqlConnectionString">
    <parameterEntry kind="ProviderPath" scope="dbFullSql" match="^C:\\Dokumenty\\diplomka\\Meshop\\Meshop\.Core\\obj\\Release\\AutoScripts\\DatabaseConnection2-Deployment_SchemaOnly\.sql$" />
  </parameter>
  <parameter name="DatabaseConnection2-Web.config Connection String" description="DatabaseConnection2 Connection String used in web.config by the application to access the database." defaultValue="Data Source=|DataDirectory|DB.sdf" tags="SqlConnectionString">
    <parameterEntry kind="XmlFile" scope="C:\\Dokumenty\\diplomka\\Meshop\\Meshop\.Core\\obj\\Release\\Package\\PackageTmp\\Web\.config$" match="/configuration/connectionStrings/add[@name='DatabaseConnection2']/@connectionString" />
  </parameter>
</parameters>